{"Ratings":{"Action":6.1944444444,"Adventure":6.247826087,"Animation":6.5457142857,"Biography":6.948,"Comedy":6.0165562914,"Crime":6.0605263158,"Drama":6.2966292135,"Fantasy":6.5,"Horror":4.9135135135,"Music":7.2,"Sci-Fi":2.7,"Sport":5.7,"Thriller":5.7}}